[0] Time Stamp,Level,ProviderGuid,EventId,Pid,Tid,ActivityId,LogId,Tag,Msg,SchemaID
2026-03-26T13:39:00.0309159Z,4,"501ed43d-2913-11f1-8b3b-002248784a84",64005,964,2036,"00000000-0000-0000-0000-000000000000","MetricsExtensionService","MainLoop","Job object info. Job object analysed: ""Job object of ME"", Info: "" TotalUserTime: 62500, TotalKernelTime: 234375, ThisPeriodTotalUserTime: 62500, ThisPeriodTotalKernelTime: 234375, TotalProcesses: 2, ActiveProcesses: 2, PeakProcessMemoryUsed:16949248, PeakJobMemoryUsed: 23597056, RateControlEnabled: 1""", [0]
2026-03-26T13:39:23.8767422Z,4,"501ed43d-2913-11f1-8b3b-002248784a84",64005,964,2036,"00000000-0000-0000-0000-000000000000","MetricsExtensionService","MainLoop","Diagnostic heartbeat emitted. CurrentRawDataQueueSize: 0, UptimeSec: 2522, EtwEventsDropped: 0, EtwEventsLost: 0, AggregatedMetricsDropped: 0, IsNearingEtwQueueLimit: 0, IsNearingAggregationQueueLimit: 0, IsShuttingDown: false", [0]
2026-03-26T13:39:26.6893131Z,4,"501ed43d-2913-11f1-8b3b-002248784a84",64005,964,2036,"00000000-0000-0000-0000-000000000000","EtwHeartbeatTracker","MainLoop","Writing ETW heartbeat - periodic processing indicator. IterationConstant: 12, PreviousHeartbeatSentUtc: 2026-03-26T13:39:21.673, LastHeartbeatReceivedUtc: 2026-03-26T13:39:23.720, CyclesSinceLastHeartbeat: 0", [0]
2026-03-26T13:39:53.8798189Z,4,"501ed43d-2913-11f1-8b3b-002248784a84",64005,964,2036,"00000000-0000-0000-0000-000000000000","MetricsExtensionService","MainLoop","Diagnostic heartbeat emitted. CurrentRawDataQueueSize: 0, UptimeSec: 2552, EtwEventsDropped: 0, EtwEventsLost: 0, AggregatedMetricsDropped: 0, IsNearingEtwQueueLimit: 0, IsNearingAggregationQueueLimit: 0, IsShuttingDown: false", [0]
2026-03-26T13:40:00.0311390Z,4,"501ed43d-2913-11f1-8b3b-002248784a84",64005,964,2036,"00000000-0000-0000-0000-000000000000","MetricsExtensionService","MainLoop","EventsProcessedLastPeriod: 0", [0]
2026-03-26T13:40:00.0311758Z,4,"501ed43d-2913-11f1-8b3b-002248784a84",64005,964,2036,"00000000-0000-0000-0000-000000000000","EtwRawMdmEventsSource","NativeMetricsExtension_Provider","Attempting to enumerate all active ETW sessions for provider. ProviderId: ""{EDC24920-E004-40F6-A8E1-0E6E48F39D84}"", Shutdown: false", [0]
2026-03-26T13:40:00.0311976Z,4,"501ed43d-2913-11f1-8b3b-002248784a84",64005,964,2036,"00000000-0000-0000-0000-000000000000","EtwRawMdmEventsSource","NativeMetricsExtension_Provider","The requested provider Id is enabled in the following session(s). EnableCount: 1", [0]
2026-03-26T13:40:00.0312676Z,4,"501ed43d-2913-11f1-8b3b-002248784a84",64005,964,2036,"00000000-0000-0000-0000-000000000000","EtwRawMdmEventsSource","NativeMetricsExtension_Provider","Session details. SessionName: ""NativeMetricsExtension_Provider"", IsIndependentSessionMode: true, LogFileModeFlags: 142606592, BufferSizeKb: 1024, MinBuffers: 8, MaxBuffers: 64, CurrentBuffers: 8, BuffersFree: 8, BuffersWritten: 511, BuffersLost: 0, EventsLost: 0", [0]
2026-03-26T13:40:00.0312824Z,4,"501ed43d-2913-11f1-8b3b-002248784a84",64005,964,2036,"00000000-0000-0000-0000-000000000000","MonitoringAccountManagersCollection","MainLoop","Input data collected. EventsLostLastPeriod: 0, EventsDroppedLastPeriod: 0", [0]
2026-03-26T13:40:00.0313078Z,4,"501ed43d-2913-11f1-8b3b-002248784a84",64005,964,2036,"00000000-0000-0000-0000-000000000000","MetricsExtensionService","MainLoop","Interning cache state. NextClearTimeUtc: 2026-03-26T13:42:23.268, VolatileCurrentSize: 1, VolatileCurrentSizeInBytes: 120, VolatileSecondarySize: 0, VolatileSecondarySizeInBytes: 0, StaticCacheSize: 46, StaticCacheSizeInBytes: 5712", [0]
2026-03-26T13:40:00.0313543Z,4,"501ed43d-2913-11f1-8b3b-002248784a84",64005,964,2036,"00000000-0000-0000-0000-000000000000","MetricsExtensionService","MainLoop","Job object info. Job object analysed: ""Job object of ME"", Info: "" TotalUserTime: 62500, TotalKernelTime: 234375, ThisPeriodTotalUserTime: 62500, ThisPeriodTotalKernelTime: 234375, TotalProcesses: 2, ActiveProcesses: 2, PeakProcessMemoryUsed:16949248, PeakJobMemoryUsed: 23597056, RateControlEnabled: 1""", [0]
2026-03-26T13:40:23.8911503Z,4,"501ed43d-2913-11f1-8b3b-002248784a84",64005,964,2036,"00000000-0000-0000-0000-000000000000","MetricsExtensionService","MainLoop","Diagnostic heartbeat emitted. CurrentRawDataQueueSize: 0, UptimeSec: 2582, EtwEventsDropped: 0, EtwEventsLost: 0, AggregatedMetricsDropped: 0, IsNearingEtwQueueLimit: 0, IsNearingAggregationQueueLimit: 0, IsShuttingDown: false", [0]
2026-03-26T13:40:26.7925806Z,4,"501ed43d-2913-11f1-8b3b-002248784a84",64005,964,2036,"00000000-0000-0000-0000-000000000000","EtwHeartbeatTracker","MainLoop","Writing ETW heartbeat - periodic processing indicator. IterationConstant: 12, PreviousHeartbeatSentUtc: 2026-03-26T13:40:21.762, LastHeartbeatReceivedUtc: 2026-03-26T13:40:23.938, CyclesSinceLastHeartbeat: 0", [0]
2026-03-26T13:40:53.8965613Z,4,"501ed43d-2913-11f1-8b3b-002248784a84",64005,964,2036,"00000000-0000-0000-0000-000000000000","MetricsExtensionService","MainLoop","Diagnostic heartbeat emitted. CurrentRawDataQueueSize: 0, UptimeSec: 2612, EtwEventsDropped: 0, EtwEventsLost: 0, AggregatedMetricsDropped: 0, IsNearingEtwQueueLimit: 0, IsNearingAggregationQueueLimit: 0, IsShuttingDown: false", [0]
2026-03-26T13:41:00.0216181Z,4,"501ed43d-2913-11f1-8b3b-002248784a84",64005,964,2036,"00000000-0000-0000-0000-000000000000","MetricsExtensionService","MainLoop","EventsProcessedLastPeriod: 0", [0]
2026-03-26T13:41:00.0216696Z,4,"501ed43d-2913-11f1-8b3b-002248784a84",64005,964,2036,"00000000-0000-0000-0000-000000000000","EtwRawMdmEventsSource","NativeMetricsExtension_Provider","Attempting to enumerate all active ETW sessions for provider. ProviderId: ""{EDC24920-E004-40F6-A8E1-0E6E48F39D84}"", Shutdown: false", [0]
2026-03-26T13:41:00.0217023Z,4,"501ed43d-2913-11f1-8b3b-002248784a84",64005,964,2036,"00000000-0000-0000-0000-000000000000","EtwRawMdmEventsSource","NativeMetricsExtension_Provider","The requested provider Id is enabled in the following session(s). EnableCount: 1", [0]
2026-03-26T13:41:00.0217967Z,4,"501ed43d-2913-11f1-8b3b-002248784a84",64005,964,2036,"00000000-0000-0000-0000-000000000000","EtwRawMdmEventsSource","NativeMetricsExtension_Provider","Session details. SessionName: ""NativeMetricsExtension_Provider"", IsIndependentSessionMode: true, LogFileModeFlags: 142606592, BufferSizeKb: 1024, MinBuffers: 8, MaxBuffers: 64, CurrentBuffers: 8, BuffersFree: 8, BuffersWritten: 523, BuffersLost: 0, EventsLost: 0", [0]
2026-03-26T13:41:00.0218168Z,4,"501ed43d-2913-11f1-8b3b-002248784a84",64005,964,2036,"00000000-0000-0000-0000-000000000000","MonitoringAccountManagersCollection","MainLoop","Input data collected. EventsLostLastPeriod: 0, EventsDroppedLastPeriod: 0", [0]
2026-03-26T13:41:00.0218554Z,4,"501ed43d-2913-11f1-8b3b-002248784a84",64005,964,2036,"00000000-0000-0000-0000-000000000000","MetricsExtensionService","MainLoop","Interning cache state. NextClearTimeUtc: 2026-03-26T13:42:23.268, VolatileCurrentSize: 1, VolatileCurrentSizeInBytes: 120, VolatileSecondarySize: 0, VolatileSecondarySizeInBytes: 0, StaticCacheSize: 46, StaticCacheSizeInBytes: 5712", [0]
2026-03-26T13:41:00.0219226Z,4,"501ed43d-2913-11f1-8b3b-002248784a84",64005,964,2036,"00000000-0000-0000-0000-000000000000","MetricsExtensionService","MainLoop","Job object info. Job object analysed: ""Job object of ME"", Info: "" TotalUserTime: 62500, TotalKernelTime: 234375, ThisPeriodTotalUserTime: 62500, ThisPeriodTotalKernelTime: 234375, TotalProcesses: 2, ActiveProcesses: 2, PeakProcessMemoryUsed:16949248, PeakJobMemoryUsed: 23597056, RateControlEnabled: 1""", [0]
2026-03-26T13:41:23.9109707Z,4,"501ed43d-2913-11f1-8b3b-002248784a84",64005,964,2036,"00000000-0000-0000-0000-000000000000","MetricsExtensionService","MainLoop","Diagnostic heartbeat emitted. CurrentRawDataQueueSize: 0, UptimeSec: 2642, EtwEventsDropped: 0, EtwEventsLost: 0, AggregatedMetricsDropped: 0, IsNearingEtwQueueLimit: 0, IsNearingAggregationQueueLimit: 0, IsShuttingDown: false", [0]
2026-03-26T13:41:26.8519906Z,4,"501ed43d-2913-11f1-8b3b-002248784a84",64005,964,2036,"00000000-0000-0000-0000-000000000000","EtwHeartbeatTracker","MainLoop","Writing ETW heartbeat - periodic processing indicator. IterationConstant: 12, PreviousHeartbeatSentUtc: 2026-03-26T13:41:21.832, LastHeartbeatReceivedUtc: 2026-03-26T13:41:23.942, CyclesSinceLastHeartbeat: 0", [0]
2026-03-26T13:41:53.9127284Z,4,"501ed43d-2913-11f1-8b3b-002248784a84",64005,964,2036,"00000000-0000-0000-0000-000000000000","MetricsExtensionService","MainLoop","Diagnostic heartbeat emitted. CurrentRawDataQueueSize: 0, UptimeSec: 2672, EtwEventsDropped: 0, EtwEventsLost: 0, AggregatedMetricsDropped: 0, IsNearingEtwQueueLimit: 0, IsNearingAggregationQueueLimit: 0, IsShuttingDown: false", [0]
2026-03-26T13:42:00.0306729Z,4,"501ed43d-2913-11f1-8b3b-002248784a84",64005,964,2036,"00000000-0000-0000-0000-000000000000","MetricsExtensionService","MainLoop","EventsProcessedLastPeriod: 0", [0]
2026-03-26T13:42:00.0307089Z,4,"501ed43d-2913-11f1-8b3b-002248784a84",64005,964,2036,"00000000-0000-0000-0000-000000000000","EtwRawMdmEventsSource","NativeMetricsExtension_Provider","Attempting to enumerate all active ETW sessions for provider. ProviderId: ""{EDC24920-E004-40F6-A8E1-0E6E48F39D84}"", Shutdown: false", [0]
2026-03-26T13:42:00.0307312Z,4,"501ed43d-2913-11f1-8b3b-002248784a84",64005,964,2036,"00000000-0000-0000-0000-000000000000","EtwRawMdmEventsSource","NativeMetricsExtension_Provider","The requested provider Id is enabled in the following session(s). EnableCount: 1", [0]
2026-03-26T13:42:00.0308026Z,4,"501ed43d-2913-11f1-8b3b-002248784a84",64005,964,2036,"00000000-0000-0000-0000-000000000000","EtwRawMdmEventsSource","NativeMetricsExtension_Provider","Session details. SessionName: ""NativeMetricsExtension_Provider"", IsIndependentSessionMode: true, LogFileModeFlags: 142606592, BufferSizeKb: 1024, MinBuffers: 8, MaxBuffers: 64, CurrentBuffers: 8, BuffersFree: 8, BuffersWritten: 535, BuffersLost: 0, EventsLost: 0", [0]
2026-03-26T13:42:00.0308172Z,4,"501ed43d-2913-11f1-8b3b-002248784a84",64005,964,2036,"00000000-0000-0000-0000-000000000000","MonitoringAccountManagersCollection","MainLoop","Input data collected. EventsLostLastPeriod: 0, EventsDroppedLastPeriod: 0", [0]
2026-03-26T13:42:00.0308422Z,4,"501ed43d-2913-11f1-8b3b-002248784a84",64005,964,2036,"00000000-0000-0000-0000-000000000000","MetricsExtensionService","MainLoop","Interning cache state. NextClearTimeUtc: 2026-03-26T13:42:23.268, VolatileCurrentSize: 1, VolatileCurrentSizeInBytes: 120, VolatileSecondarySize: 0, VolatileSecondarySizeInBytes: 0, StaticCacheSize: 46, StaticCacheSizeInBytes: 5712", [0]
2026-03-26T13:42:00.0308880Z,4,"501ed43d-2913-11f1-8b3b-002248784a84",64005,964,2036,"00000000-0000-0000-0000-000000000000","MetricsExtensionService","MainLoop","Job object info. Job object analysed: ""Job object of ME"", Info: "" TotalUserTime: 62500, TotalKernelTime: 234375, ThisPeriodTotalUserTime: 62500, ThisPeriodTotalKernelTime: 234375, TotalProcesses: 2, ActiveProcesses: 2, PeakProcessMemoryUsed:16949248, PeakJobMemoryUsed: 23597056, RateControlEnabled: 1""", [0]
2026-03-26T13:42:21.0255074Z,4,"501ed43d-2913-11f1-8b3b-002248784a84",64005,964,2036,"00000000-0000-0000-0000-000000000000","EndPointResolver","EndPointResolver","Successfully saved DNS cache to the disk. FilePath: ""C:\Windows\TEMP\MetricsExtensionData\EndPointResolver.cache"", NextUpdateTimeUtc: ""2026-03-26T13:47:21.024""", [0]
2026-03-26T13:42:23.9155574Z,4,"501ed43d-2913-11f1-8b3b-002248784a84",64005,964,2036,"00000000-0000-0000-0000-000000000000","MetricsExtensionService","MainLoop","Diagnostic heartbeat emitted. CurrentRawDataQueueSize: 0, UptimeSec: 2702, EtwEventsDropped: 0, EtwEventsLost: 0, AggregatedMetricsDropped: 0, IsNearingEtwQueueLimit: 0, IsNearingAggregationQueueLimit: 0, IsShuttingDown: false", [0]
2026-03-26T13:42:26.9594538Z,4,"501ed43d-2913-11f1-8b3b-002248784a84",64005,964,2036,"00000000-0000-0000-0000-000000000000","EtwHeartbeatTracker","MainLoop","Writing ETW heartbeat - periodic processing indicator. IterationConstant: 12, PreviousHeartbeatSentUtc: 2026-03-26T13:42:21.931, LastHeartbeatReceivedUtc: 2026-03-26T13:42:23.962, CyclesSinceLastHeartbeat: 0", [0]
2026-03-26T13:42:53.9249861Z,4,"501ed43d-2913-11f1-8b3b-002248784a84",64005,964,2036,"00000000-0000-0000-0000-000000000000","MetricsExtensionService","MainLoop","Diagnostic heartbeat emitted. CurrentRawDataQueueSize: 0, UptimeSec: 2732, EtwEventsDropped: 0, EtwEventsLost: 0, AggregatedMetricsDropped: 0, IsNearingEtwQueueLimit: 0, IsNearingAggregationQueueLimit: 0, IsShuttingDown: false", [0]
2026-03-26T13:43:00.0173439Z,4,"501ed43d-2913-11f1-8b3b-002248784a84",64005,964,2036,"00000000-0000-0000-0000-000000000000","MetricsExtensionService","MainLoop","EventsProcessedLastPeriod: 0", [0]
2026-03-26T13:43:00.0173816Z,4,"501ed43d-2913-11f1-8b3b-002248784a84",64005,964,2036,"00000000-0000-0000-0000-000000000000","EtwRawMdmEventsSource","NativeMetricsExtension_Provider","Attempting to enumerate all active ETW sessions for provider. ProviderId: ""{EDC24920-E004-40F6-A8E1-0E6E48F39D84}"", Shutdown: false", [0]
2026-03-26T13:43:00.0174046Z,4,"501ed43d-2913-11f1-8b3b-002248784a84",64005,964,2036,"00000000-0000-0000-0000-000000000000","EtwRawMdmEventsSource","NativeMetricsExtension_Provider","The requested provider Id is enabled in the following session(s). EnableCount: 1", [0]
2026-03-26T13:43:00.0174758Z,4,"501ed43d-2913-11f1-8b3b-002248784a84",64005,964,2036,"00000000-0000-0000-0000-000000000000","EtwRawMdmEventsSource","NativeMetricsExtension_Provider","Session details. SessionName: ""NativeMetricsExtension_Provider"", IsIndependentSessionMode: true, LogFileModeFlags: 142606592, BufferSizeKb: 1024, MinBuffers: 8, MaxBuffers: 64, CurrentBuffers: 8, BuffersFree: 8, BuffersWritten: 547, BuffersLost: 0, EventsLost: 0", [0]
2026-03-26T13:43:00.0174894Z,4,"501ed43d-2913-11f1-8b3b-002248784a84",64005,964,2036,"00000000-0000-0000-0000-000000000000","MonitoringAccountManagersCollection","MainLoop","Input data collected. EventsLostLastPeriod: 0, EventsDroppedLastPeriod: 0", [0]
2026-03-26T13:43:00.0175144Z,4,"501ed43d-2913-11f1-8b3b-002248784a84",64005,964,2036,"00000000-0000-0000-0000-000000000000","MetricsExtensionService","MainLoop","Interning cache state. NextClearTimeUtc: 2026-03-26T13:47:23.274, VolatileCurrentSize: 1, VolatileCurrentSizeInBytes: 120, VolatileSecondarySize: 0, VolatileSecondarySizeInBytes: 0, StaticCacheSize: 46, StaticCacheSizeInBytes: 5712", [0]
2026-03-26T13:43:00.0176636Z,4,"501ed43d-2913-11f1-8b3b-002248784a84",64005,964,2036,"00000000-0000-0000-0000-000000000000","MetricsExtensionService","MainLoop","Job object info. Job object analysed: ""Job object of ME"", Info: "" TotalUserTime: 62500, TotalKernelTime: 234375, ThisPeriodTotalUserTime: 62500, ThisPeriodTotalKernelTime: 234375, TotalProcesses: 2, ActiveProcesses: 2, PeakProcessMemoryUsed:16949248, PeakJobMemoryUsed: 23597056, RateControlEnabled: 1""", [0]
2026-03-26T13:43:23.9304353Z,4,"501ed43d-2913-11f1-8b3b-002248784a84",64005,964,2036,"00000000-0000-0000-0000-000000000000","MetricsExtensionService","MainLoop","Diagnostic heartbeat emitted. CurrentRawDataQueueSize: 0, UptimeSec: 2762, EtwEventsDropped: 0, EtwEventsLost: 0, AggregatedMetricsDropped: 0, IsNearingEtwQueueLimit: 0, IsNearingAggregationQueueLimit: 0, IsShuttingDown: false", [0]
2026-03-26T13:43:27.0107855Z,4,"501ed43d-2913-11f1-8b3b-002248784a84",64005,964,2036,"00000000-0000-0000-0000-000000000000","EtwHeartbeatTracker","MainLoop","Writing ETW heartbeat - periodic processing indicator. IterationConstant: 12, PreviousHeartbeatSentUtc: 2026-03-26T13:43:21.992, LastHeartbeatReceivedUtc: 2026-03-26T13:43:24.046, CyclesSinceLastHeartbeat: 0", [0]
2026-03-26T13:43:53.9396649Z,4,"501ed43d-2913-11f1-8b3b-002248784a84",64005,964,2036,"00000000-0000-0000-0000-000000000000","MetricsExtensionService","MainLoop","Diagnostic heartbeat emitted. CurrentRawDataQueueSize: 0, UptimeSec: 2792, EtwEventsDropped: 0, EtwEventsLost: 0, AggregatedMetricsDropped: 0, IsNearingEtwQueueLimit: 0, IsNearingAggregationQueueLimit: 0, IsShuttingDown: false", [0]
2026-03-26T13:44:00.0185640Z,4,"501ed43d-2913-11f1-8b3b-002248784a84",64005,964,2036,"00000000-0000-0000-0000-000000000000","MetricsExtensionService","MainLoop","EventsProcessedLastPeriod: 0", [0]
2026-03-26T13:44:00.0185997Z,4,"501ed43d-2913-11f1-8b3b-002248784a84",64005,964,2036,"00000000-0000-0000-0000-000000000000","EtwRawMdmEventsSource","NativeMetricsExtension_Provider","Attempting to enumerate all active ETW sessions for provider. ProviderId: ""{EDC24920-E004-40F6-A8E1-0E6E48F39D84}"", Shutdown: false", [0]
2026-03-26T13:44:00.0186220Z,4,"501ed43d-2913-11f1-8b3b-002248784a84",64005,964,2036,"00000000-0000-0000-0000-000000000000","EtwRawMdmEventsSource","NativeMetricsExtension_Provider","The requested provider Id is enabled in the following session(s). EnableCount: 1", [0]
2026-03-26T13:44:00.0186935Z,4,"501ed43d-2913-11f1-8b3b-002248784a84",64005,964,2036,"00000000-0000-0000-0000-000000000000","EtwRawMdmEventsSource","NativeMetricsExtension_Provider","Session details. SessionName: ""NativeMetricsExtension_Provider"", IsIndependentSessionMode: true, LogFileModeFlags: 142606592, BufferSizeKb: 1024, MinBuffers: 8, MaxBuffers: 64, CurrentBuffers: 8, BuffersFree: 8, BuffersWritten: 559, BuffersLost: 0, EventsLost: 0", [0]
2026-03-26T13:44:00.0187080Z,4,"501ed43d-2913-11f1-8b3b-002248784a84",64005,964,2036,"00000000-0000-0000-0000-000000000000","MonitoringAccountManagersCollection","MainLoop","Input data collected. EventsLostLastPeriod: 0, EventsDroppedLastPeriod: 0", [0]
2026-03-26T13:44:00.0187330Z,4,"501ed43d-2913-11f1-8b3b-002248784a84",64005,964,2036,"00000000-0000-0000-0000-000000000000","MetricsExtensionService","MainLoop","Interning cache state. NextClearTimeUtc: 2026-03-26T13:47:23.274, VolatileCurrentSize: 1, VolatileCurrentSizeInBytes: 120, VolatileSecondarySize: 0, VolatileSecondarySizeInBytes: 0, StaticCacheSize: 46, StaticCacheSizeInBytes: 5712", [0]
2026-03-26T13:44:00.0187792Z,4,"501ed43d-2913-11f1-8b3b-002248784a84",64005,964,2036,"00000000-0000-0000-0000-000000000000","MetricsExtensionService","MainLoop","Job object info. Job object analysed: ""Job object of ME"", Info: "" TotalUserTime: 62500, TotalKernelTime: 234375, ThisPeriodTotalUserTime: 62500, ThisPeriodTotalKernelTime: 234375, TotalProcesses: 2, ActiveProcesses: 2, PeakProcessMemoryUsed:16949248, PeakJobMemoryUsed: 23597056, RateControlEnabled: 1""", [0]
2026-03-26T13:44:22.1815773Z,4,"501ed43d-2913-11f1-8b3b-002248784a84",64005,964,3296,"00000000-0000-0000-0000-000000000000","XPlatLib","AmcsConfigFetcher::FetchConfigurationFromAMCS","Configuration request headers - UUID: 6f11d109-80b4-4fdf-b332-7d36a7a1bd46; eTags: ", [0]
2026-03-26T13:44:22.1816116Z,4,"501ed43d-2913-11f1-8b3b-002248784a84",64005,964,3296,"00000000-0000-0000-0000-000000000000","XPlatLib","AmcsConfigFetcher::FetchConfigurationFromAMCS","Amcs configuration request: https://westus2-5w48.westus2-1.handler.control.monitor.azure.com/subscriptions/351651ce-5feb-4e59-975d-f1f344e2b717/resourcegroups/amawin_group/providers/microsoft.compute/virtualmachines/amawin/meAgentConfigurations?operatingLocation=westus2&includeMeConfig=true&api-version=2024-02-02", [0]
2026-03-26T13:44:22.2289230Z,4,"501ed43d-2913-11f1-8b3b-002248784a84",64005,964,3296,"00000000-0000-0000-0000-000000000000","XPlatLib","AmcsConfigFetcher::FetchConfigurationFromAMCS","Amcs configuration response status code: 404, configuration string: ", [0]
2026-03-26T13:44:22.2289295Z,3,"501ed43d-2913-11f1-8b3b-002248784a84",64005,964,3296,"00000000-0000-0000-0000-000000000000","XPlatLib","AmcsConfigFetcher::FetchConfigurationFromAMCS","No more DCR associated with VM, request to clear cached configuration", [0]
2026-03-26T13:44:22.2289533Z,4,"501ed43d-2913-11f1-8b3b-002248784a84",64005,964,3296,"00000000-0000-0000-0000-000000000000","XPlatLib","AmcsConfigFetcher::FetchConfig","Configuration will be refreshed from AMCS after 580 seconds", [0]
2026-03-26T13:44:23.9500439Z,4,"501ed43d-2913-11f1-8b3b-002248784a84",64005,964,2036,"00000000-0000-0000-0000-000000000000","MetricsExtensionService","MainLoop","Diagnostic heartbeat emitted. CurrentRawDataQueueSize: 0, UptimeSec: 2822, EtwEventsDropped: 0, EtwEventsLost: 0, AggregatedMetricsDropped: 0, IsNearingEtwQueueLimit: 0, IsNearingAggregationQueueLimit: 0, IsShuttingDown: false", [0]
2026-03-26T13:44:27.0750796Z,4,"501ed43d-2913-11f1-8b3b-002248784a84",64005,964,2036,"00000000-0000-0000-0000-000000000000","EtwHeartbeatTracker","MainLoop","Writing ETW heartbeat - periodic processing indicator. IterationConstant: 12, PreviousHeartbeatSentUtc: 2026-03-26T13:44:22.056, LastHeartbeatReceivedUtc: 2026-03-26T13:44:24.262, CyclesSinceLastHeartbeat: 0", [0]
2026-03-26T13:44:53.9510703Z,4,"501ed43d-2913-11f1-8b3b-002248784a84",64005,964,2036,"00000000-0000-0000-0000-000000000000","MetricsExtensionService","MainLoop","Diagnostic heartbeat emitted. CurrentRawDataQueueSize: 0, UptimeSec: 2852, EtwEventsDropped: 0, EtwEventsLost: 0, AggregatedMetricsDropped: 0, IsNearingEtwQueueLimit: 0, IsNearingAggregationQueueLimit: 0, IsShuttingDown: false", [0]
2026-03-26T13:45:00.0291372Z,4,"501ed43d-2913-11f1-8b3b-002248784a84",64005,964,2036,"00000000-0000-0000-0000-000000000000","MetricsExtensionService","MainLoop","EventsProcessedLastPeriod: 0", [0]
2026-03-26T13:45:00.0291824Z,4,"501ed43d-2913-11f1-8b3b-002248784a84",64005,964,2036,"00000000-0000-0000-0000-000000000000","EtwRawMdmEventsSource","NativeMetricsExtension_Provider","Attempting to enumerate all active ETW sessions for provider. ProviderId: ""{EDC24920-E004-40F6-A8E1-0E6E48F39D84}"", Shutdown: false", [0]
2026-03-26T13:45:00.0292113Z,4,"501ed43d-2913-11f1-8b3b-002248784a84",64005,964,2036,"00000000-0000-0000-0000-000000000000","EtwRawMdmEventsSource","NativeMetricsExtension_Provider","The requested provider Id is enabled in the following session(s). EnableCount: 1", [0]
2026-03-26T13:45:00.0293086Z,4,"501ed43d-2913-11f1-8b3b-002248784a84",64005,964,2036,"00000000-0000-0000-0000-000000000000","EtwRawMdmEventsSource","NativeMetricsExtension_Provider","Session details. SessionName: ""NativeMetricsExtension_Provider"", IsIndependentSessionMode: true, LogFileModeFlags: 142606592, BufferSizeKb: 1024, MinBuffers: 8, MaxBuffers: 64, CurrentBuffers: 8, BuffersFree: 8, BuffersWritten: 571, BuffersLost: 0, EventsLost: 0", [0]
2026-03-26T13:45:00.0293262Z,4,"501ed43d-2913-11f1-8b3b-002248784a84",64005,964,2036,"00000000-0000-0000-0000-000000000000","MonitoringAccountManagersCollection","MainLoop","Input data collected. EventsLostLastPeriod: 0, EventsDroppedLastPeriod: 0", [0]
2026-03-26T13:45:00.0293601Z,4,"501ed43d-2913-11f1-8b3b-002248784a84",64005,964,2036,"00000000-0000-0000-0000-000000000000","MetricsExtensionService","MainLoop","Interning cache state. NextClearTimeUtc: 2026-03-26T13:47:23.274, VolatileCurrentSize: 1, VolatileCurrentSizeInBytes: 120, VolatileSecondarySize: 0, VolatileSecondarySizeInBytes: 0, StaticCacheSize: 46, StaticCacheSizeInBytes: 5712", [0]
2026-03-26T13:45:00.0294251Z,4,"501ed43d-2913-11f1-8b3b-002248784a84",64005,964,2036,"00000000-0000-0000-0000-000000000000","MetricsExtensionService","MainLoop","Job object info. Job object analysed: ""Job object of ME"", Info: "" TotalUserTime: 62500, TotalKernelTime: 234375, ThisPeriodTotalUserTime: 62500, ThisPeriodTotalKernelTime: 234375, TotalProcesses: 2, ActiveProcesses: 2, PeakProcessMemoryUsed:16949248, PeakJobMemoryUsed: 23597056, RateControlEnabled: 1""", [0]
2026-03-26T13:45:23.9634049Z,4,"501ed43d-2913-11f1-8b3b-002248784a84",64005,964,2036,"00000000-0000-0000-0000-000000000000","MetricsExtensionService","MainLoop","Diagnostic heartbeat emitted. CurrentRawDataQueueSize: 0, UptimeSec: 2882, EtwEventsDropped: 0, EtwEventsLost: 0, AggregatedMetricsDropped: 0, IsNearingEtwQueueLimit: 0, IsNearingAggregationQueueLimit: 0, IsShuttingDown: false", [0]
2026-03-26T13:45:27.1196592Z,4,"501ed43d-2913-11f1-8b3b-002248784a84",64005,964,2036,"00000000-0000-0000-0000-000000000000","EtwHeartbeatTracker","MainLoop","Writing ETW heartbeat - periodic processing indicator. IterationConstant: 12, PreviousHeartbeatSentUtc: 2026-03-26T13:45:22.101, LastHeartbeatReceivedUtc: 2026-03-26T13:45:24.166, CyclesSinceLastHeartbeat: 0", [0]
2026-03-26T13:45:53.9721527Z,4,"501ed43d-2913-11f1-8b3b-002248784a84",64005,964,2036,"00000000-0000-0000-0000-000000000000","MetricsExtensionService","MainLoop","Diagnostic heartbeat emitted. CurrentRawDataQueueSize: 0, UptimeSec: 2912, EtwEventsDropped: 0, EtwEventsLost: 0, AggregatedMetricsDropped: 0, IsNearingEtwQueueLimit: 0, IsNearingAggregationQueueLimit: 0, IsShuttingDown: false", [0]
2026-03-26T13:46:00.0201592Z,4,"501ed43d-2913-11f1-8b3b-002248784a84",64005,964,2036,"00000000-0000-0000-0000-000000000000","MetricsExtensionService","MainLoop","EventsProcessedLastPeriod: 0", [0]
2026-03-26T13:46:00.0202102Z,4,"501ed43d-2913-11f1-8b3b-002248784a84",64005,964,2036,"00000000-0000-0000-0000-000000000000","EtwRawMdmEventsSource","NativeMetricsExtension_Provider","Attempting to enumerate all active ETW sessions for provider. ProviderId: ""{EDC24920-E004-40F6-A8E1-0E6E48F39D84}"", Shutdown: false", [0]
2026-03-26T13:46:00.0202400Z,4,"501ed43d-2913-11f1-8b3b-002248784a84",64005,964,2036,"00000000-0000-0000-0000-000000000000","EtwRawMdmEventsSource","NativeMetricsExtension_Provider","The requested provider Id is enabled in the following session(s). EnableCount: 1", [0]
2026-03-26T13:46:00.0203313Z,4,"501ed43d-2913-11f1-8b3b-002248784a84",64005,964,2036,"00000000-0000-0000-0000-000000000000","EtwRawMdmEventsSource","NativeMetricsExtension_Provider","Session details. SessionName: ""NativeMetricsExtension_Provider"", IsIndependentSessionMode: true, LogFileModeFlags: 142606592, BufferSizeKb: 1024, MinBuffers: 8, MaxBuffers: 64, CurrentBuffers: 8, BuffersFree: 8, BuffersWritten: 583, BuffersLost: 0, EventsLost: 0", [0]
2026-03-26T13:46:00.0203503Z,4,"501ed43d-2913-11f1-8b3b-002248784a84",64005,964,2036,"00000000-0000-0000-0000-000000000000","MonitoringAccountManagersCollection","MainLoop","Input data collected. EventsLostLastPeriod: 0, EventsDroppedLastPeriod: 0", [0]
2026-03-26T13:46:00.0203866Z,4,"501ed43d-2913-11f1-8b3b-002248784a84",64005,964,2036,"00000000-0000-0000-0000-000000000000","MetricsExtensionService","MainLoop","Interning cache state. NextClearTimeUtc: 2026-03-26T13:47:23.274, VolatileCurrentSize: 1, VolatileCurrentSizeInBytes: 120, VolatileSecondarySize: 0, VolatileSecondarySizeInBytes: 0, StaticCacheSize: 46, StaticCacheSizeInBytes: 5712", [0]
2026-03-26T13:46:00.0204548Z,4,"501ed43d-2913-11f1-8b3b-002248784a84",64005,964,2036,"00000000-0000-0000-0000-000000000000","MetricsExtensionService","MainLoop","Job object info. Job object analysed: ""Job object of ME"", Info: "" TotalUserTime: 62500, TotalKernelTime: 234375, ThisPeriodTotalUserTime: 62500, ThisPeriodTotalKernelTime: 234375, TotalProcesses: 2, ActiveProcesses: 2, PeakProcessMemoryUsed:16949248, PeakJobMemoryUsed: 23597056, RateControlEnabled: 1""", [0]
2026-03-26T13:46:23.9873509Z,4,"501ed43d-2913-11f1-8b3b-002248784a84",64005,964,2036,"00000000-0000-0000-0000-000000000000","MetricsExtensionService","MainLoop","Diagnostic heartbeat emitted. CurrentRawDataQueueSize: 0, UptimeSec: 2942, EtwEventsDropped: 0, EtwEventsLost: 0, AggregatedMetricsDropped: 0, IsNearingEtwQueueLimit: 0, IsNearingAggregationQueueLimit: 0, IsShuttingDown: false", [0]
2026-03-26T13:46:27.2069571Z,4,"501ed43d-2913-11f1-8b3b-002248784a84",64005,964,2036,"00000000-0000-0000-0000-000000000000","EtwHeartbeatTracker","MainLoop","Writing ETW heartbeat - periodic processing indicator. IterationConstant: 12, PreviousHeartbeatSentUtc: 2026-03-26T13:46:22.190, LastHeartbeatReceivedUtc: 2026-03-26T13:46:24.237, CyclesSinceLastHeartbeat: 0", [0]
2026-03-26T13:46:53.9901250Z,4,"501ed43d-2913-11f1-8b3b-002248784a84",64005,964,2036,"00000000-0000-0000-0000-000000000000","MetricsExtensionService","MainLoop","Diagnostic heartbeat emitted. CurrentRawDataQueueSize: 0, UptimeSec: 2972, EtwEventsDropped: 0, EtwEventsLost: 0, AggregatedMetricsDropped: 0, IsNearingEtwQueueLimit: 0, IsNearingAggregationQueueLimit: 0, IsShuttingDown: false", [0]
2026-03-26T13:47:00.0292561Z,4,"501ed43d-2913-11f1-8b3b-002248784a84",64005,964,2036,"00000000-0000-0000-0000-000000000000","MetricsExtensionService","MainLoop","EventsProcessedLastPeriod: 0", [0]
2026-03-26T13:47:00.0293071Z,4,"501ed43d-2913-11f1-8b3b-002248784a84",64005,964,2036,"00000000-0000-0000-0000-000000000000","EtwRawMdmEventsSource","NativeMetricsExtension_Provider","Attempting to enumerate all active ETW sessions for provider. ProviderId: ""{EDC24920-E004-40F6-A8E1-0E6E48F39D84}"", Shutdown: false", [0]
2026-03-26T13:47:00.0293344Z,4,"501ed43d-2913-11f1-8b3b-002248784a84",64005,964,2036,"00000000-0000-0000-0000-000000000000","EtwRawMdmEventsSource","NativeMetricsExtension_Provider","The requested provider Id is enabled in the following session(s). EnableCount: 1", [0]
2026-03-26T13:47:00.0294314Z,4,"501ed43d-2913-11f1-8b3b-002248784a84",64005,964,2036,"00000000-0000-0000-0000-000000000000","EtwRawMdmEventsSource","NativeMetricsExtension_Provider","Session details. SessionName: ""NativeMetricsExtension_Provider"", IsIndependentSessionMode: true, LogFileModeFlags: 142606592, BufferSizeKb: 1024, MinBuffers: 8, MaxBuffers: 64, CurrentBuffers: 8, BuffersFree: 8, BuffersWritten: 595, BuffersLost: 0, EventsLost: 0", [0]
2026-03-26T13:47:00.0295590Z,4,"501ed43d-2913-11f1-8b3b-002248784a84",64005,964,2036,"00000000-0000-0000-0000-000000000000","MonitoringAccountManagersCollection","MainLoop","Input data collected. EventsLostLastPeriod: 0, EventsDroppedLastPeriod: 0", [0]
2026-03-26T13:47:00.0296036Z,4,"501ed43d-2913-11f1-8b3b-002248784a84",64005,964,2036,"00000000-0000-0000-0000-000000000000","MetricsExtensionService","MainLoop","Interning cache state. NextClearTimeUtc: 2026-03-26T13:47:23.274, VolatileCurrentSize: 1, VolatileCurrentSizeInBytes: 120, VolatileSecondarySize: 0, VolatileSecondarySizeInBytes: 0, StaticCacheSize: 46, StaticCacheSizeInBytes: 5712", [0]
2026-03-26T13:47:00.0296685Z,4,"501ed43d-2913-11f1-8b3b-002248784a84",64005,964,2036,"00000000-0000-0000-0000-000000000000","MetricsExtensionService","MainLoop","Job object info. Job object analysed: ""Job object of ME"", Info: "" TotalUserTime: 62500, TotalKernelTime: 234375, ThisPeriodTotalUserTime: 62500, ThisPeriodTotalKernelTime: 234375, TotalProcesses: 2, ActiveProcesses: 2, PeakProcessMemoryUsed:16949248, PeakJobMemoryUsed: 23597056, RateControlEnabled: 1""", [0]
2026-03-26T13:47:21.0363810Z,4,"501ed43d-2913-11f1-8b3b-002248784a84",64005,964,2036,"00000000-0000-0000-0000-000000000000","EndPointResolver","EndPointResolver","Successfully saved DNS cache to the disk. FilePath: ""C:\Windows\TEMP\MetricsExtensionData\EndPointResolver.cache"", NextUpdateTimeUtc: ""2026-03-26T13:52:21.035""", [0]
2026-03-26T13:47:21.3795388Z,4,"501ed43d-2913-11f1-8b3b-002248784a84",64005,964,5928,"00000000-0000-0000-0000-000000000000","Watchdog","WatchdogThread","Everything is fine, sleeping", [0]
2026-03-26T13:47:24.0046066Z,4,"501ed43d-2913-11f1-8b3b-002248784a84",64005,964,2036,"00000000-0000-0000-0000-000000000000","MetricsExtensionService","MainLoop","Diagnostic heartbeat emitted. CurrentRawDataQueueSize: 0, UptimeSec: 3002, EtwEventsDropped: 0, EtwEventsLost: 0, AggregatedMetricsDropped: 0, IsNearingEtwQueueLimit: 0, IsNearingAggregationQueueLimit: 0, IsShuttingDown: false", [0]
2026-03-26T13:47:27.2566975Z,4,"501ed43d-2913-11f1-8b3b-002248784a84",64005,964,2036,"00000000-0000-0000-0000-000000000000","EtwHeartbeatTracker","MainLoop","Writing ETW heartbeat - periodic processing indicator. IterationConstant: 12, PreviousHeartbeatSentUtc: 2026-03-26T13:47:22.238, LastHeartbeatReceivedUtc: 2026-03-26T13:47:24.270, CyclesSinceLastHeartbeat: 0", [0]
2026-03-26T13:47:54.0077480Z,4,"501ed43d-2913-11f1-8b3b-002248784a84",64005,964,2036,"00000000-0000-0000-0000-000000000000","MetricsExtensionService","MainLoop","Diagnostic heartbeat emitted. CurrentRawDataQueueSize: 0, UptimeSec: 3032, EtwEventsDropped: 0, EtwEventsLost: 0, AggregatedMetricsDropped: 0, IsNearingEtwQueueLimit: 0, IsNearingAggregationQueueLimit: 0, IsShuttingDown: false", [0]
2026-03-26T13:48:00.0269020Z,4,"501ed43d-2913-11f1-8b3b-002248784a84",64005,964,2036,"00000000-0000-0000-0000-000000000000","MetricsExtensionService","MainLoop","EventsProcessedLastPeriod: 0", [0]
2026-03-26T13:48:00.0269388Z,4,"501ed43d-2913-11f1-8b3b-002248784a84",64005,964,2036,"00000000-0000-0000-0000-000000000000","EtwRawMdmEventsSource","NativeMetricsExtension_Provider","Attempting to enumerate all active ETW sessions for provider. ProviderId: ""{EDC24920-E004-40F6-A8E1-0E6E48F39D84}"", Shutdown: false", [0]
2026-03-26T13:48:00.0269612Z,4,"501ed43d-2913-11f1-8b3b-002248784a84",64005,964,2036,"00000000-0000-0000-0000-000000000000","EtwRawMdmEventsSource","NativeMetricsExtension_Provider","The requested provider Id is enabled in the following session(s). EnableCount: 1", [0]
2026-03-26T13:48:00.0270307Z,4,"501ed43d-2913-11f1-8b3b-002248784a84",64005,964,2036,"00000000-0000-0000-0000-000000000000","EtwRawMdmEventsSource","NativeMetricsExtension_Provider","Session details. SessionName: ""NativeMetricsExtension_Provider"", IsIndependentSessionMode: true, LogFileModeFlags: 142606592, BufferSizeKb: 1024, MinBuffers: 8, MaxBuffers: 64, CurrentBuffers: 8, BuffersFree: 8, BuffersWritten: 607, BuffersLost: 0, EventsLost: 0", [0]
2026-03-26T13:48:00.0270444Z,4,"501ed43d-2913-11f1-8b3b-002248784a84",64005,964,2036,"00000000-0000-0000-0000-000000000000","MonitoringAccountManagersCollection","MainLoop","Input data collected. EventsLostLastPeriod: 0, EventsDroppedLastPeriod: 0", [0]
2026-03-26T13:48:00.0270849Z,4,"501ed43d-2913-11f1-8b3b-002248784a84",64005,964,2036,"00000000-0000-0000-0000-000000000000","MetricsExtensionService","MainLoop","Interning cache state. NextClearTimeUtc: 2026-03-26T13:52:23.285, VolatileCurrentSize: 1, VolatileCurrentSizeInBytes: 120, VolatileSecondarySize: 0, VolatileSecondarySizeInBytes: 0, StaticCacheSize: 46, StaticCacheSizeInBytes: 5712", [0]
2026-03-26T13:48:00.0271305Z,4,"501ed43d-2913-11f1-8b3b-002248784a84",64005,964,2036,"00000000-0000-0000-0000-000000000000","MetricsExtensionService","MainLoop","Job object info. Job object analysed: ""Job object of ME"", Info: "" TotalUserTime: 62500, TotalKernelTime: 234375, ThisPeriodTotalUserTime: 62500, ThisPeriodTotalKernelTime: 234375, TotalProcesses: 2, ActiveProcesses: 2, PeakProcessMemoryUsed:16949248, PeakJobMemoryUsed: 23597056, RateControlEnabled: 1""", [0]
2026-03-26T13:48:24.0214372Z,4,"501ed43d-2913-11f1-8b3b-002248784a84",64005,964,2036,"00000000-0000-0000-0000-000000000000","MetricsExtensionService","MainLoop","Diagnostic heartbeat emitted. CurrentRawDataQueueSize: 0, UptimeSec: 3062, EtwEventsDropped: 0, EtwEventsLost: 0, AggregatedMetricsDropped: 0, IsNearingEtwQueueLimit: 0, IsNearingAggregationQueueLimit: 0, IsShuttingDown: false", [0]
